"numID","posiSelf","posiOther","dEvSelf","dEvOther","aEvSelf","aEvOther","alphaPrec","genLR","repLR","wp0","wAttr","mem","LL","LP","AIC","BIC","eaS1neg","eaS1pos","eaSneg","eaSneu","eaSpos","eaO1neg","eaO1pos","eaOneg","eaOneu","eaOpos","midS1neg","midS1pos","midSneg","midSneu","midSpos","midO1neg","midO1pos","midOneg","midOneu","midOpos","ltS1neg","ltS1pos","ltSneg","ltSneu","ltSpos","ltO1neg","ltO1pos","ltOneg","ltOneu","ltOpos"
660001.000000,0.478726,1.166255,2.672579,2.672579,0.693147,0.693147,2.298877,-2.197225,-0.731213,0.225076,4.313668,6.910000,-52.839672,-47.303676,119.679343,128.340421,4.095238,5.238095,3.142857,4.714286,NaN,3.952381,4.571429,NaN,5.095238,5.095238,3.000000,5.583333,1.583333,4.000000,NaN,2.000000,4.333333,NaN,3.000000,5.722222,2.333333,6.000000,1.142857,3.952381,NaN,2.000000,5.000000,NaN,3.000000,5.047619
660002.000000,0.881559,0.768650,2.927486,2.927486,0.693147,0.693147,1.967084,-2.197225,-0.963404,0.792219,5.829331,6.910000,-64.005227,-58.556813,142.010453,150.671530,5.571429,5.619048,4.238095,5.809524,NaN,4.619048,4.571429,NaN,5.476190,5.857143,3.416667,5.861111,1.916667,4.666667,NaN,2.083333,4.666667,NaN,3.472222,5.555556,3.000000,6.000000,1.333333,4.000000,NaN,2.000000,5.000000,NaN,3.571429,5.000000
660003.000000,1.471009,0.987271,2.108142,2.108142,0.693147,0.693147,1.994876,-2.197225,-1.839546,0.489176,6.838163,6.910000,-49.398663,-43.754163,112.797326,121.458403,5.428571,6.000000,3.523810,5.857143,NaN,4.190476,5.142857,NaN,5.428571,6.000000,3.472222,6.000000,1.722222,4.666667,NaN,2.000000,4.388889,NaN,3.388889,5.916667,3.000000,6.000000,1.333333,4.000000,NaN,2.000000,5.000000,NaN,3.000000,5.285714
660004.000000,0.903912,0.384902,2.381785,2.381785,0.693147,0.693147,1.968113,-2.197225,-0.832258,-0.151602,5.497944,6.910000,-75.413488,-69.782347,164.826977,173.488054,4.857143,5.428571,4.380952,5.476190,NaN,1.952381,3.523810,NaN,4.666667,4.714286,3.222222,5.861111,1.444444,4.194444,NaN,1.861111,4.138889,NaN,3.111111,5.000000,2.857143,6.000000,1.142857,4.000000,NaN,1.809524,5.000000,NaN,3.000000,5.000000
660005.000000,-0.208083,0.744373,2.285002,2.285002,0.693147,0.693147,1.846622,-2.197225,-1.345212,-0.134759,5.477554,6.910000,-69.410902,-63.753202,152.821805,161.482882,1.476190,2.761905,1.238095,2.142857,NaN,3.857143,3.904762,NaN,4.809524,4.190476,2.222222,5.388889,1.027778,3.805556,NaN,2.000000,4.416667,NaN,3.138889,5.194444,2.095238,6.000000,1.000000,3.619048,NaN,2.000000,5.000000,NaN,3.000000,5.000000
660006.000000,0.963695,1.039881,1.193562,1.193562,0.693147,0.693147,2.360613,-2.197225,-1.527626,0.174230,7.957079,6.910000,-46.784429,-41.107648,107.568857,116.229934,5.238095,6.000000,2.761905,5.809524,NaN,4.190476,5.238095,NaN,5.190476,6.000000,2.944444,6.000000,1.083333,4.527778,NaN,2.027778,4.638889,NaN,3.166667,6.000000,2.333333,6.000000,1.000000,4.000000,NaN,1.761905,5.000000,NaN,3.000000,5.047619
660007.000000,1.582701,-0.167612,2.382032,2.382032,0.693147,0.693147,2.147616,-2.197225,-0.953393,0.228830,1.202055,6.910000,-27.655651,-22.132785,69.311302,77.972379,3.761905,5.000000,3.523810,4.809524,NaN,2.523810,3.619048,NaN,4.190476,4.047619,3.000000,5.916667,1.416667,4.527778,NaN,2.000000,4.222222,NaN,2.944444,4.972222,2.476190,6.000000,1.000000,4.000000,NaN,1.761905,5.000000,NaN,3.000000,5.000000
660008.000000,-1.054318,-0.122535,2.401912,2.401912,0.693147,0.693147,1.490444,-2.197225,-1.245746,-0.707679,4.249355,6.910000,-72.766550,-67.108739,159.533100,168.194177,1.476190,2.761905,1.476190,2.476190,NaN,2.047619,2.761905,NaN,1.904762,3.000000,2.138889,4.944444,1.000000,3.361111,NaN,1.722222,3.888889,NaN,2.166667,4.833333,2.000000,6.000000,1.000000,3.285714,NaN,1.523810,4.857143,NaN,3.000000,5.000000
660009.000000,0.689089,-0.060642,1.812145,1.812145,0.693147,0.693147,1.678944,-2.197225,-0.543901,0.698719,6.764639,6.910000,-93.919483,-88.203876,201.838967,210.500044,4.666667,5.809524,4.619048,5.809524,NaN,3.619048,4.142857,NaN,2.619048,4.285714,3.194444,6.000000,1.805556,4.750000,NaN,1.861111,4.277778,NaN,2.722222,5.194444,2.476190,6.000000,1.142857,4.000000,NaN,1.476190,5.000000,NaN,3.000000,5.000000
660010.000000,0.039302,0.000492,-0.267262,-0.267262,0.693147,0.693147,1.623176,-2.197225,-0.269892,1.196592,0.991545,6.910000,-38.270617,-32.581036,90.541234,99.202312,4.428571,6.000000,4.095238,5.714286,NaN,4.238095,4.809524,NaN,5.190476,4.285714,3.111111,6.000000,2.083333,4.583333,NaN,2.027778,4.611111,NaN,3.472222,5.666667,3.000000,6.000000,1.619048,4.000000,NaN,2.000000,5.000000,NaN,3.285714,5.047619
660011.000000,1.225307,0.607763,2.357074,2.357074,0.693147,0.693147,1.804784,-2.197225,-0.980142,0.061154,-0.617300,6.910000,-30.587181,-Inf,75.174361,83.835438,3.428571,4.428571,2.285714,3.952381,NaN,2.523810,3.333333,NaN,3.380952,3.095238,2.916667,5.722222,1.166667,4.027778,NaN,1.944444,4.111111,NaN,2.916667,4.972222,2.000000,6.000000,1.000000,3.952381,NaN,1.761905,5.000000,NaN,3.000000,5.000000
660012.000000,1.087976,0.480597,1.715267,1.715267,0.693147,0.693147,1.898269,-2.197225,-1.684329,0.188404,2.989293,6.910000,-54.316205,-48.581070,122.632409,131.293487,4.285714,5.952381,3.285714,5.285714,NaN,3.238095,3.285714,NaN,4.238095,4.904762,3.000000,5.944444,1.583333,4.277778,NaN,1.972222,4.083333,NaN,3.083333,5.083333,2.619048,6.000000,1.000000,4.000000,NaN,1.714286,5.000000,NaN,3.000000,5.000000
660013.000000,1.115272,-0.084690,1.930561,1.930561,0.693147,0.693147,2.080823,-2.197225,-1.611056,0.379449,6.636591,6.910000,-55.897088,-50.222708,125.794177,134.455254,5.380952,6.000000,4.761905,5.952381,NaN,1.380952,3.714286,NaN,3.000000,2.095238,3.166667,6.000000,1.750000,4.694444,NaN,1.777778,4.166667,NaN,2.694444,4.972222,3.000000,6.000000,1.190476,4.000000,NaN,1.809524,4.952381,NaN,3.000000,5.000000
660014.000000,1.048588,-0.148486,0.371005,0.371005,0.693147,0.693147,2.027739,-2.197225,-1.776884,-0.241253,7.636975,6.910000,-55.749668,-50.012978,125.499336,134.160413,4.761905,6.000000,3.428571,5.857143,NaN,1.000000,2.000000,NaN,3.238095,2.571429,3.027778,6.000000,1.000000,4.750000,NaN,1.166667,4.138889,NaN,2.277778,5.638889,2.047619,6.000000,1.000000,4.000000,NaN,1.190476,4.761905,NaN,2.857143,5.000000
660015.000000,0.651962,-0.606543,1.492804,1.492804,0.693147,0.693147,1.812811,-2.197225,-0.874669,-0.757541,2.674304,6.910000,-46.019057,-40.263069,106.038113,114.699190,3.190476,3.428571,2.238095,3.809524,NaN,1.285714,1.809524,NaN,1.714286,1.809524,2.888889,5.444444,1.027778,4.055556,NaN,1.138889,3.777778,NaN,2.500000,4.805556,2.000000,6.000000,1.000000,3.952381,NaN,1.000000,4.857143,NaN,3.000000,5.000000
660016.000000,1.803414,0.176545,2.677889,2.677889,0.693147,0.693147,1.833740,-2.197225,-1.183187,-0.362781,3.895265,6.910000,-63.330077,-57.765416,140.660154,149.321231,4.428571,5.571429,3.333333,5.714286,NaN,2.000000,2.380952,NaN,4.142857,3.476190,3.000000,5.916667,1.444444,4.500000,NaN,1.666667,3.916667,NaN,2.972222,4.833333,2.333333,6.000000,1.000000,4.000000,NaN,1.761905,4.666667,NaN,3.000000,5.000000
660017.000000,0.232481,0.300185,1.675685,1.675685,0.693147,0.693147,1.928927,-2.197225,-2.073949,-0.194075,4.260101,6.910000,-78.359140,-72.614431,170.718279,179.379356,3.809524,3.809524,2.095238,4.619048,NaN,1.714286,3.857143,NaN,4.857143,3.380952,3.000000,5.611111,1.250000,3.944444,NaN,1.888889,3.888889,NaN,2.944444,4.972222,2.285714,6.000000,1.000000,3.952381,NaN,1.714286,4.952381,NaN,3.000000,5.000000
660018.000000,0.900542,0.629266,2.519644,2.519644,0.693147,0.693147,1.950442,-2.197225,-1.294185,0.454138,2.806401,6.910000,-55.926186,-50.330630,125.852372,134.513449,4.809524,5.523810,3.190476,5.523810,NaN,3.952381,4.190476,NaN,4.857143,4.904762,3.083333,5.972222,1.583333,4.583333,NaN,2.000000,4.444444,NaN,3.222222,5.361111,2.857143,6.000000,1.000000,4.000000,NaN,1.857143,5.000000,NaN,3.000000,5.000000
660019.000000,0.140541,0.473202,3.657422,3.657422,0.693147,0.693147,1.752548,-2.197225,-0.208991,0.596288,3.699115,6.910000,-71.170249,-66.239420,156.340499,165.001576,3.666667,5.333333,3.714286,4.857143,NaN,4.047619,3.714286,NaN,4.761905,5.285714,3.138889,5.805556,1.916667,4.361111,NaN,2.027778,4.361111,NaN,3.055556,5.250000,2.619048,6.000000,1.142857,4.000000,NaN,2.000000,5.000000,NaN,3.285714,5.000000
660020.000000,-0.061585,-0.103748,1.273887,1.273887,0.693147,0.693147,2.033648,-2.197225,-0.580282,-0.273698,5.621024,6.910000,-64.152800,-58.390965,142.305599,150.966676,1.761905,4.523810,1.142857,3.619048,NaN,1.238095,3.809524,NaN,3.000000,2.571429,2.638889,5.694444,1.000000,4.027778,NaN,1.611111,4.222222,NaN,2.611111,5.111111,2.000000,6.000000,1.000000,3.952381,NaN,1.238095,5.000000,NaN,3.000000,5.000000
660021.000000,1.432458,0.389964,2.199084,2.199084,0.693147,0.693147,2.066282,-2.197225,-1.069874,1.359962,4.990345,6.910000,-43.736348,-38.080992,101.472697,110.133774,5.571429,6.000000,4.714286,5.952381,NaN,3.952381,4.952381,NaN,5.095238,5.523810,3.722222,6.000000,2.000000,4.750000,NaN,2.000000,4.500000,NaN,3.388889,5.638889,3.000000,6.000000,1.857143,4.000000,NaN,2.000000,5.000000,NaN,3.238095,5.000000
660022.000000,1.329234,-0.386600,2.204055,2.204055,0.693147,0.693147,2.024822,-2.197225,-0.513257,0.392737,5.352634,6.910000,-51.545272,-45.882144,117.090544,125.751622,5.285714,5.952381,4.238095,6.000000,NaN,1.095238,3.857143,NaN,2.428571,2.285714,3.472222,5.944444,1.722222,4.805556,NaN,1.777778,4.472222,NaN,2.972222,4.972222,3.000000,6.000000,1.142857,4.285714,NaN,1.428571,4.952381,NaN,3.000000,5.000000
660023.000000,0.939581,0.573328,1.631240,1.631240,0.693147,0.693147,1.981538,-2.197225,-1.512374,1.147728,3.650454,6.910000,-49.922699,-44.181899,113.845399,122.506476,4.523810,6.000000,3.952381,5.714286,NaN,4.285714,3.952381,NaN,5.095238,5.285714,3.388889,6.000000,1.916667,4.583333,NaN,2.166667,4.583333,NaN,3.111111,5.833333,3.000000,6.000000,1.571429,4.000000,NaN,2.000000,5.000000,NaN,3.047619,5.238095
660024.000000,0.562107,-0.965440,0.863006,0.863006,0.693147,0.693147,1.958457,-2.197225,-1.224231,0.551791,8.362733,6.910000,-76.053127,-70.338179,166.106254,174.767332,4.047619,6.000000,4.142857,6.000000,NaN,1.000000,1.857143,NaN,1.333333,1.714286,3.305556,6.000000,1.388889,4.777778,NaN,1.000000,4.277778,NaN,2.138889,4.944444,2.571429,6.000000,1.000000,3.809524,NaN,1.000000,4.904762,NaN,3.047619,5.000000
660025.000000,0.824352,0.670592,3.529819,3.529819,0.693147,0.693147,1.691601,-2.197225,-0.824949,-0.174183,5.050533,6.910000,-83.006443,-77.936857,180.012887,188.673964,4.904762,4.904762,3.714286,5.238095,NaN,3.571429,3.428571,NaN,5.190476,5.285714,3.111111,5.638889,1.777778,4.222222,NaN,1.888889,3.972222,NaN,3.055556,5.000000,2.619048,6.000000,1.000000,3.714286,NaN,1.857143,4.857143,NaN,3.000000,5.000000
660026.000000,0.730554,0.465042,0.754976,0.754976,0.693147,0.693147,2.058987,-2.197225,-1.258877,0.261486,6.358114,6.910000,-61.501131,-55.739418,137.002263,145.663340,4.333333,6.000000,3.190476,5.904762,NaN,2.761905,3.761905,NaN,4.952381,4.142857,2.888889,6.000000,1.277778,4.277778,NaN,1.833333,4.555556,NaN,2.805556,5.611111,2.190476,6.000000,1.000000,3.952381,NaN,1.190476,5.000000,NaN,3.000000,5.047619
660027.000000,1.031377,0.858918,2.448013,2.448013,0.693147,0.693147,2.181153,-2.197225,-1.674418,-0.724782,10.037371,6.910000,-60.561201,-55.086437,135.122402,143.783480,5.523810,5.952381,4.666667,5.666667,NaN,4.809524,4.952381,NaN,5.190476,6.000000,3.166667,5.861111,1.722222,4.444444,NaN,2.000000,4.444444,NaN,3.305556,5.777778,2.857143,6.000000,1.333333,4.000000,NaN,2.000000,5.000000,NaN,3.142857,5.000000
660028.000000,0.328562,-0.407385,1.641140,1.641140,0.693147,0.693147,2.344646,-2.197225,-0.780275,-0.427844,5.221383,6.910000,-46.020127,-40.307889,106.040254,114.701331,3.857143,5.523810,3.142857,5.714286,NaN,1.000000,2.047619,NaN,2.142857,2.095238,3.000000,6.000000,1.194444,4.138889,NaN,1.444444,4.166667,NaN,2.583333,4.722222,2.047619,6.000000,1.000000,3.952381,NaN,1.238095,4.809524,NaN,3.000000,5.000000
660029.000000,2.542565,0.665992,1.135886,1.135886,0.693147,0.693147,2.018139,-2.197225,-1.442064,-0.238683,3.972893,6.910000,-48.560992,-42.795596,111.121983,119.783061,4.428571,6.000000,3.619048,5.714286,NaN,3.142857,2.666667,NaN,4.333333,4.238095,3.000000,6.000000,1.416667,4.416667,NaN,1.611111,4.000000,NaN,2.916667,5.166667,2.571429,6.000000,1.000000,4.000000,NaN,1.523810,5.000000,NaN,3.000000,5.000000
660030.000000,0.930223,0.341056,3.783165,3.783165,0.693147,0.693147,1.567807,-2.197225,-1.601852,-0.054829,5.499251,6.910000,-101.073403,-96.326145,216.146807,224.807884,4.904762,5.095238,4.523810,5.523810,NaN,2.238095,3.857143,NaN,3.428571,3.809524,3.333333,5.694444,1.888889,4.416667,NaN,2.027778,4.222222,NaN,2.861111,4.972222,3.000000,6.000000,1.285714,4.000000,NaN,2.000000,4.857143,NaN,3.000000,5.000000
660031.000000,1.426506,0.432099,2.720763,2.720763,0.693147,0.693147,2.051310,-2.197225,-2.269421,0.780017,1.838086,6.910000,-29.075194,-23.594766,72.150388,80.811465,4.714286,6.000000,4.380952,5.714286,NaN,3.428571,4.571429,NaN,4.952381,4.761905,3.027778,6.000000,1.722222,4.722222,NaN,2.000000,4.583333,NaN,3.055556,5.500000,3.000000,6.000000,1.333333,4.000000,NaN,2.000000,5.000000,NaN,3.047619,5.000000
660032.000000,1.554990,-0.044535,2.037503,2.037503,0.693147,0.693147,1.863844,-2.197225,-1.418930,-0.352893,5.106329,6.910000,-51.371730,-45.672942,116.743460,125.404537,4.619048,6.000000,3.761905,5.809524,NaN,1.190476,4.000000,NaN,2.285714,2.142857,3.000000,6.000000,1.583333,4.666667,NaN,1.527778,3.972222,NaN,2.666667,4.972222,2.571429,6.000000,1.000000,4.000000,NaN,1.428571,5.000000,NaN,3.000000,5.000000
660033.000000,0.553672,0.244935,0.958310,0.958310,0.693147,0.693147,1.863620,-2.197225,-1.362845,-0.435989,2.712605,6.910000,-60.420558,-54.638803,134.841115,143.502192,2.809524,4.714286,2.000000,4.904762,NaN,2.333333,3.333333,NaN,2.619048,3.333333,2.722222,5.583333,1.083333,3.916667,NaN,1.500000,4.000000,NaN,2.805556,4.972222,2.000000,6.000000,1.000000,3.809524,NaN,1.190476,4.857143,NaN,3.000000,5.000000
660034.000000,0.553576,0.104903,1.895932,1.895932,0.693147,0.693147,2.064683,-2.197225,-1.296468,0.009140,7.961175,6.910000,-71.972029,-66.319509,157.944058,166.605136,5.285714,6.000000,3.428571,5.809524,NaN,2.809524,4.095238,NaN,5.238095,3.714286,3.027778,6.000000,1.583333,4.194444,NaN,1.638889,4.333333,NaN,2.722222,4.833333,2.666667,6.000000,1.142857,4.000000,NaN,1.714286,4.952381,NaN,3.000000,5.000000
660035.000000,0.881038,1.412165,1.045889,1.045889,0.693147,0.693147,1.962429,-2.197225,-1.649045,-0.460943,8.739855,6.910000,-51.008870,-45.316964,116.017740,124.678817,3.761905,6.000000,2.428571,5.666667,NaN,4.238095,4.476190,NaN,5.142857,6.000000,3.055556,6.000000,1.138889,4.361111,NaN,1.972222,4.833333,NaN,3.083333,6.000000,2.000000,6.000000,1.000000,3.952381,NaN,1.857143,5.000000,NaN,3.000000,5.761905
660036.000000,0.241141,-1.202046,3.440312,3.440312,0.693147,0.693147,2.159124,-2.197225,-0.236656,0.327528,7.229625,6.910000,-57.939714,-52.854604,129.879427,138.540504,5.238095,5.904762,4.809524,5.952381,NaN,1.000000,3.190476,NaN,1.047619,1.619048,3.472222,5.472222,1.888889,4.750000,NaN,1.472222,4.250000,NaN,2.083333,4.555556,3.000000,6.000000,1.571429,4.000000,NaN,1.428571,4.666667,NaN,3.000000,5.000000
660037.000000,0.345555,0.524552,1.462388,1.462388,0.693147,0.693147,1.968084,-2.197225,-0.943420,0.342602,1.390662,6.910000,-33.563720,-27.880290,81.127439,89.788517,3.857143,5.000000,2.714286,4.238095,NaN,3.428571,3.619048,NaN,4.428571,3.809524,3.000000,5.916667,1.416667,4.250000,NaN,2.000000,4.416667,NaN,3.000000,5.055556,2.238095,6.000000,1.142857,4.000000,NaN,1.857143,5.000000,NaN,3.000000,5.000000
660038.000000,-0.448921,0.871489,1.703897,1.703897,0.693147,0.693147,2.285452,-2.197225,-1.069604,-0.640213,1.361810,6.910000,-22.295381,-16.663944,58.590762,67.251839,1.666667,3.333333,1.285714,3.047619,NaN,1.952381,2.761905,NaN,2.904762,2.904762,2.388889,5.277778,1.000000,3.722222,NaN,1.472222,3.722222,NaN,2.694444,4.916667,2.000000,6.000000,1.000000,3.666667,NaN,1.000000,4.952381,NaN,3.000000,5.000000
660039.000000,0.679104,-0.367501,1.698947,1.698947,0.693147,0.693147,1.802159,-2.197225,-1.014022,-0.116289,7.635164,6.910000,-77.040241,-71.340033,168.080482,176.741560,4.714286,5.714286,4.000000,5.952381,NaN,1.000000,3.047619,NaN,1.952381,2.047619,3.166667,6.000000,1.527778,4.694444,NaN,1.472222,4.333333,NaN,2.416667,4.888889,2.476190,6.000000,1.000000,4.000000,NaN,1.190476,5.000000,NaN,2.857143,5.000000
660040.000000,0.793629,-0.207261,1.204924,1.204924,0.693147,0.693147,2.039971,-2.197225,-0.352973,0.851076,9.596298,6.910000,-63.096724,-57.435230,140.193448,148.854525,5.238095,6.000000,4.142857,5.904762,NaN,2.428571,4.190476,NaN,2.666667,2.761905,3.583333,6.000000,1.250000,4.555556,NaN,1.277778,4.611111,NaN,2.555556,5.083333,2.666667,6.000000,1.190476,4.000000,NaN,1.190476,5.000000,NaN,3.000000,5.000000
660041.000000,1.405006,0.392740,3.184460,3.184460,0.693147,0.693147,2.020785,-2.197225,-0.970418,0.109054,5.903170,6.910000,-57.378428,-52.068255,128.756857,137.417934,5.142857,5.952381,4.761905,5.952381,NaN,2.523810,4.285714,NaN,4.761905,5.095238,3.250000,5.694444,1.916667,4.861111,NaN,2.000000,4.194444,NaN,3.000000,5.000000,3.000000,6.000000,1.142857,4.000000,NaN,2.000000,4.809524,NaN,3.000000,5.000000
660042.000000,1.690247,0.714595,1.664107,1.664107,0.693147,0.693147,2.061904,-2.197225,-0.526447,-0.758476,3.600759,6.910000,-53.664594,-47.929786,121.329187,129.990265,4.095238,3.666667,1.952381,4.714286,NaN,1.857143,2.523810,NaN,3.380952,3.000000,2.916667,5.583333,1.166667,4.166667,NaN,1.555556,3.888889,NaN,2.805556,4.972222,2.285714,6.000000,1.000000,4.000000,NaN,1.000000,4.857143,NaN,3.000000,5.000000
660043.000000,-0.144671,0.249038,2.417582,2.417582,0.693147,0.693147,1.898543,-2.197225,-1.042422,0.831927,4.329499,6.910000,-67.248561,-61.611526,148.497121,157.158198,4.000000,5.666667,3.380952,5.142857,NaN,4.190476,4.619048,NaN,4.857143,4.619048,2.944444,6.000000,1.722222,4.250000,NaN,2.138889,4.666667,NaN,3.055556,5.361111,2.285714,6.000000,1.000000,4.000000,NaN,2.000000,5.000000,NaN,3.047619,5.000000
660044.000000,1.603084,0.515729,1.695127,1.695127,0.693147,0.693147,1.933270,-2.197225,-0.673017,0.086920,2.937233,6.910000,-46.855935,-41.119703,107.711870,116.372947,4.238095,5.523810,3.523810,5.714286,NaN,3.142857,4.000000,NaN,4.095238,4.333333,3.000000,5.916667,1.583333,4.333333,NaN,1.972222,4.222222,NaN,3.000000,5.055556,2.571429,6.000000,1.000000,4.000000,NaN,1.714286,5.000000,NaN,3.000000,5.000000
660045.000000,0.980971,0.755725,1.850597,1.850597,0.693147,0.693147,2.096103,-2.197225,-0.945494,-0.923080,3.452558,6.910000,-46.515005,-40.801806,107.030010,115.691087,2.714286,3.809524,1.809524,3.619048,NaN,1.809524,2.095238,NaN,3.428571,3.666667,2.805556,5.277778,1.027778,3.833333,NaN,1.444444,3.888889,NaN,2.805556,4.916667,2.000000,6.000000,1.000000,3.857143,NaN,1.190476,4.857143,NaN,3.000000,5.000000
660046.000000,0.689906,0.431662,2.194827,2.194827,0.693147,0.693147,1.798715,-2.197225,-1.056177,0.250392,1.260537,6.910000,-38.764756,-33.170596,91.529512,100.190589,3.476190,4.476190,3.000000,4.761905,NaN,2.952381,3.523810,NaN,4.619048,4.000000,3.000000,5.833333,1.583333,4.305556,NaN,2.000000,4.333333,NaN,2.944444,5.083333,2.571429,6.000000,1.000000,4.000000,NaN,1.857143,5.000000,NaN,3.000000,5.000000
660047.000000,1.174745,0.844292,3.088431,3.088431,0.693147,0.693147,2.052939,-2.197225,-1.647796,0.106579,6.973869,6.910000,-63.896542,-58.558655,141.793085,150.454162,5.428571,5.857143,4.428571,5.809524,NaN,4.428571,3.904762,NaN,5.523810,5.857143,3.500000,5.916667,1.638889,4.611111,NaN,2.083333,4.500000,NaN,3.388889,5.500000,3.000000,6.000000,1.333333,4.000000,NaN,2.000000,4.952381,NaN,3.142857,5.000000
660048.000000,1.201363,0.433763,1.897513,1.897513,0.693147,0.693147,1.813226,-2.197225,-0.915643,0.019195,6.350781,6.910000,-68.688526,-62.982992,151.377052,160.038129,5.190476,6.000000,4.476190,5.904762,NaN,2.809524,4.666667,NaN,5.000000,4.000000,3.333333,6.000000,1.611111,4.472222,NaN,1.944444,4.361111,NaN,2.861111,4.916667,2.523810,6.000000,1.142857,4.000000,NaN,1.761905,5.000000,NaN,3.000000,5.000000
660049.000000,1.381161,0.984138,1.788297,1.788297,0.693147,0.693147,2.046706,-2.197225,-1.381897,-0.023954,3.313084,6.910000,-46.577164,-40.856280,107.154327,115.815404,4.476190,5.666667,2.809524,5.095238,NaN,3.952381,3.904762,NaN,4.666667,4.857143,3.000000,5.916667,1.277778,4.500000,NaN,2.000000,4.138889,NaN,3.000000,5.194444,2.333333,6.000000,1.000000,3.952381,NaN,1.761905,5.000000,NaN,3.000000,5.000000
660050.000000,0.731076,-0.018383,2.041633,2.041633,0.693147,0.693147,2.177307,-2.197225,-0.575287,1.039577,6.083340,6.910000,-48.325803,-42.660860,110.651606,119.312683,5.285714,6.000000,4.571429,5.857143,NaN,3.857143,4.142857,NaN,4.857143,3.952381,3.527778,6.000000,1.972222,4.500000,NaN,2.000000,4.722222,NaN,3.000000,5.000000,3.000000,6.000000,1.142857,4.000000,NaN,2.000000,5.000000,NaN,3.000000,5.000000
660051.000000,1.022432,0.277734,2.788777,2.788777,0.693147,0.693147,1.909766,-2.197225,-1.420990,-0.386311,4.730148,6.910000,-63.927617,-58.405496,141.855234,150.516311,4.619048,5.333333,3.333333,5.714286,NaN,1.380952,2.333333,NaN,3.619048,4.190476,3.000000,5.722222,1.416667,4.166667,NaN,1.888889,3.694444,NaN,2.916667,4.944444,2.476190,6.000000,1.000000,4.000000,NaN,1.857143,5.000000,NaN,3.000000,5.000000
660052.000000,-0.113386,0.136633,2.890358,2.890358,0.693147,0.693147,1.973520,-2.197225,-1.660377,-0.202543,7.328214,6.910000,-86.960111,-81.525690,187.920221,196.581298,1.714286,3.380952,1.380952,2.476190,NaN,4.047619,4.380952,NaN,4.761905,2.380952,2.777778,5.416667,1.611111,3.805556,NaN,2.027778,4.138889,NaN,2.944444,5.000000,2.333333,6.000000,1.142857,3.904762,NaN,1.761905,4.952381,NaN,3.000000,5.000000
660053.000000,1.232966,0.269091,1.109056,1.109056,0.693147,0.693147,2.106318,-2.197225,-1.877713,0.253456,1.722294,6.910000,-33.046649,-27.335289,80.093299,88.754376,4.000000,4.857143,3.380952,5.190476,NaN,3.047619,3.857143,NaN,3.952381,4.285714,3.000000,6.000000,1.583333,4.361111,NaN,2.000000,4.222222,NaN,3.000000,5.111111,2.333333,6.000000,1.000000,4.000000,NaN,1.761905,5.000000,NaN,3.000000,5.000000
660054.000000,2.315751,1.144112,0.998293,0.998293,0.693147,0.693147,1.886829,-2.197225,-1.223828,0.567513,8.513252,6.910000,-65.218669,-59.519175,144.437338,153.098415,5.428571,6.000000,4.047619,5.904762,NaN,3.904762,5.142857,NaN,5.142857,6.000000,3.138889,6.000000,1.388889,4.944444,NaN,1.916667,4.805556,NaN,3.111111,5.972222,2.619048,6.000000,1.000000,3.952381,NaN,2.000000,5.000000,NaN,3.000000,5.476190
660055.000000,0.255647,0.545651,1.497130,1.497130,0.693147,0.693147,1.756891,-2.197225,-1.294401,-0.576081,5.034676,6.910000,-81.966988,-76.199636,177.933976,186.595053,2.095238,3.428571,1.190476,3.380952,NaN,3.190476,2.761905,NaN,4.857143,4.714286,2.638889,5.833333,1.000000,3.916667,NaN,1.638889,4.277778,NaN,2.805556,5.000000,2.000000,6.000000,1.000000,4.000000,NaN,1.476190,4.857143,NaN,3.000000,5.000000
660056.000000,1.549011,0.583449,1.809035,1.809035,0.693147,0.693147,2.093099,-2.197225,-1.317269,0.522267,4.379955,6.910000,-42.111016,-36.393676,98.222031,106.883109,5.238095,6.000000,3.714286,5.714286,NaN,3.809524,4.333333,NaN,4.761905,5.047619,3.083333,6.000000,1.722222,4.583333,NaN,2.000000,4.555556,NaN,3.027778,5.333333,3.000000,6.000000,1.333333,4.000000,NaN,1.904762,5.000000,NaN,3.047619,5.000000
660057.000000,0.871544,1.363111,2.107530,2.107530,0.693147,0.693147,1.985297,-2.197225,-1.054706,-0.380317,4.026582,6.910000,-52.917482,-47.229043,119.834964,128.496041,3.571429,3.904762,1.476190,4.761905,NaN,3.333333,3.952381,NaN,4.904762,4.619048,2.972222,5.722222,1.083333,3.916667,NaN,2.000000,4.083333,NaN,3.083333,5.361111,2.190476,6.000000,1.000000,3.952381,NaN,1.761905,5.000000,NaN,3.000000,5.000000
660058.000000,1.069872,-0.264206,1.817987,1.817987,0.693147,0.693147,1.687866,-2.197225,-2.141793,0.357337,1.527335,6.910000,-41.337295,-35.667308,96.674591,105.335668,4.190476,5.571429,3.523810,5.000000,NaN,2.952381,3.619048,NaN,3.714286,4.190476,3.000000,6.000000,1.416667,4.333333,NaN,2.000000,4.388889,NaN,3.000000,5.138889,2.571429,6.000000,1.000000,4.000000,NaN,1.857143,5.000000,NaN,3.000000,5.000000
660059.000000,0.549565,0.247736,2.007117,2.007117,0.693147,0.693147,2.020746,-2.197225,-1.979177,-0.188137,4.145992,6.910000,-66.677757,-60.977007,147.355514,156.016591,4.142857,5.476190,3.047619,5.095238,NaN,2.952381,2.619048,NaN,4.238095,3.285714,2.916667,5.833333,1.361111,4.277778,NaN,1.805556,3.944444,NaN,2.916667,4.916667,2.523810,6.000000,1.000000,4.000000,NaN,1.857143,4.952381,NaN,3.000000,5.000000
660060.000000,1.038473,0.478728,1.350931,1.350931,0.693147,0.693147,1.734913,-2.197225,-0.223795,0.830921,7.753121,6.910000,-86.620145,-80.894952,187.240290,195.901367,5.619048,6.000000,4.142857,5.904762,NaN,3.190476,4.714286,NaN,5.095238,4.714286,3.111111,6.000000,1.500000,4.444444,NaN,1.944444,4.833333,NaN,3.083333,5.555556,2.714286,6.000000,1.000000,4.000000,NaN,1.761905,4.952381,NaN,3.428571,5.000000
660061.000000,2.331088,0.681174,3.497078,3.497078,0.693147,0.693147,1.980738,-2.197225,-0.999326,-0.218983,6.895402,6.910000,-59.200609,-54.157545,132.401218,141.062295,5.380952,6.000000,4.571429,6.000000,NaN,2.095238,4.142857,NaN,4.904762,5.047619,3.555556,5.583333,1.861111,4.916667,NaN,2.000000,3.972222,NaN,3.500000,5.000000,3.000000,6.000000,1.142857,4.000000,NaN,2.000000,4.523810,NaN,3.571429,5.000000
660062.000000,1.577861,-0.196942,1.418992,1.418992,0.693147,0.693147,1.871162,-2.197225,-0.753745,0.099611,3.696352,6.910000,-48.194308,-42.423418,110.388616,119.049693,4.428571,6.000000,3.571429,5.714286,NaN,1.428571,2.904762,NaN,2.571429,2.476190,3.000000,6.000000,1.416667,4.583333,NaN,1.722222,4.222222,NaN,2.916667,5.027778,2.476190,6.000000,1.142857,4.000000,NaN,1.571429,5.000000,NaN,3.000000,5.000000
660063.000000,0.575020,-0.098482,1.648823,1.648823,0.693147,0.693147,2.214675,-2.197225,-1.303148,0.603563,5.460610,6.910000,-51.599302,-45.881549,117.198604,125.859681,5.142857,5.904762,4.142857,5.952381,NaN,1.285714,3.952381,NaN,4.571429,4.428571,3.138889,5.972222,1.583333,4.611111,NaN,1.833333,4.583333,NaN,3.000000,5.000000,2.714286,6.000000,1.000000,4.000000,NaN,1.476190,5.000000,NaN,3.000000,5.000000
660064.000000,-0.026373,0.302423,0.395830,0.395830,0.693147,0.693147,2.314540,-2.197225,-1.134519,0.644073,4.620759,6.910000,-38.744613,-32.974318,91.489226,100.150304,3.761905,6.000000,3.095238,5.714286,NaN,3.142857,4.285714,NaN,4.571429,4.380952,2.916667,6.000000,1.055556,4.527778,NaN,1.888889,4.527778,NaN,2.861111,5.638889,2.000000,6.000000,1.000000,4.000000,NaN,1.761905,5.000000,NaN,3.000000,5.000000
660065.000000,-0.423243,-0.146206,1.579111,1.579111,0.693147,0.693147,2.064359,-2.197225,-0.231656,-0.725819,-0.506742,6.910000,-30.785893,-Inf,75.571785,84.232862,2.476190,3.333333,1.571429,3.428571,NaN,1.714286,1.904762,NaN,2.571429,2.333333,2.472222,5.166667,1.055556,3.722222,NaN,1.305556,3.722222,NaN,2.416667,4.833333,2.000000,6.000000,1.000000,3.666667,NaN,1.000000,4.857143,NaN,3.000000,5.000000
660066.000000,0.787222,0.564471,4.704645,4.704645,0.693147,0.693147,2.034029,-2.197225,-0.695846,-0.751292,2.734746,6.910000,-45.180043,-Inf,104.360085,113.021163,2.619048,3.190476,1.619048,3.714286,NaN,1.904762,2.428571,NaN,3.380952,2.904762,2.888889,5.055556,1.138889,3.916667,NaN,1.500000,3.722222,NaN,2.666667,4.888889,2.000000,6.000000,1.000000,3.952381,NaN,1.190476,4.714286,NaN,3.000000,5.000000
660067.000000,1.932422,-0.265953,2.215856,2.215856,0.693147,0.693147,2.008446,-2.197225,-0.905639,-0.290546,0.928537,6.910000,-32.498606,-26.972390,78.997213,87.658290,3.428571,4.000000,2.476190,4.285714,NaN,2.285714,3.047619,NaN,2.904762,2.619048,2.861111,5.583333,1.027778,4.138889,NaN,1.722222,3.972222,NaN,2.805556,4.916667,2.000000,6.000000,1.000000,3.952381,NaN,1.190476,4.857143,NaN,3.000000,5.000000
660068.000000,0.965642,-0.143767,2.835904,2.835904,0.693147,0.693147,1.797790,-2.197225,-0.473090,0.018949,2.121533,6.910000,-49.389489,-43.904281,112.778978,121.440055,4.047619,4.666667,2.857143,5.047619,NaN,2.238095,2.809524,NaN,3.476190,3.619048,3.000000,5.888889,1.444444,4.277778,NaN,1.944444,4.222222,NaN,2.944444,4.972222,2.238095,6.000000,1.000000,4.000000,NaN,1.761905,4.952381,NaN,3.000000,5.000000
660069.000000,0.560949,-0.605499,1.802282,1.802282,0.693147,0.693147,2.191597,-2.197225,-0.346084,-0.328822,6.581889,6.910000,-41.122748,-35.434133,96.245497,104.906574,5.047619,6.000000,3.380952,5.714286,NaN,1.000000,3.428571,NaN,1.285714,1.714286,3.055556,6.000000,1.416667,4.416667,NaN,1.305556,4.194444,NaN,2.305556,4.833333,2.571429,6.000000,1.000000,4.000000,NaN,1.190476,5.000000,NaN,3.000000,5.000000
660070.000000,0.075136,0.638895,2.599934,2.599934,0.693147,0.693147,1.674840,-2.197225,-1.535365,-0.251993,5.679506,6.910000,-86.019767,-80.433149,186.039535,194.700612,2.380952,3.523810,1.095238,3.714286,NaN,3.952381,2.809524,NaN,5.047619,4.523810,2.750000,5.555556,1.250000,3.888889,NaN,2.000000,4.277778,NaN,3.166667,5.000000,2.238095,6.000000,1.000000,3.523810,NaN,1.857143,5.000000,NaN,3.047619,5.238095
660071.000000,0.781357,0.402039,2.538177,2.538177,0.693147,0.693147,1.620651,-2.197225,-1.022866,0.881127,3.588468,6.910000,-64.699756,-59.080996,143.399511,152.060588,4.857143,5.761905,3.904762,5.476190,NaN,3.952381,4.714286,NaN,5.000000,4.857143,3.083333,6.000000,2.000000,4.611111,NaN,2.138889,4.527778,NaN,3.250000,5.472222,3.000000,6.000000,1.333333,3.952381,NaN,2.000000,5.000000,NaN,3.047619,5.047619
660072.000000,0.780390,0.701406,2.294650,2.294650,0.693147,0.693147,1.998153,-2.197225,-0.918004,0.394563,4.961524,6.910000,-61.057365,-55.404492,136.114731,144.775808,5.238095,5.761905,3.666667,5.714286,NaN,3.809524,4.809524,NaN,5.000000,5.285714,3.055556,5.833333,1.583333,4.500000,NaN,2.000000,4.388889,NaN,3.250000,5.333333,2.285714,6.000000,1.000000,4.000000,NaN,1.857143,5.000000,NaN,3.000000,5.000000
660073.000000,-0.071203,-0.061787,2.644862,2.644862,0.693147,0.693147,2.066961,-2.197225,-1.211650,0.433704,9.779586,6.910000,-84.901142,-79.453747,183.802284,192.463362,2.047619,5.809524,1.476190,3.857143,NaN,2.952381,3.952381,NaN,3.047619,3.095238,2.916667,5.388889,1.722222,4.111111,NaN,2.027778,4.055556,NaN,2.805556,5.000000,2.619048,6.000000,1.380952,3.904762,NaN,2.000000,4.952381,NaN,2.857143,5.000000
660074.000000,1.278155,0.414785,0.680955,0.680955,0.693147,0.693147,1.619862,-2.197225,-0.580388,-0.092814,2.268507,6.910000,-72.308196,-66.519688,158.616392,167.277469,3.857143,4.809524,3.333333,4.952381,NaN,2.809524,3.571429,NaN,3.761905,3.857143,2.944444,5.861111,1.083333,4.194444,NaN,1.805556,4.166667,NaN,2.694444,4.916667,2.238095,6.000000,1.142857,4.000000,NaN,1.476190,5.000000,NaN,3.000000,5.000000
660075.000000,1.277669,0.212932,0.986218,0.986218,0.693147,0.693147,2.050141,-2.197225,-1.504472,-0.998628,4.376811,6.910000,-44.249761,-38.475810,102.499522,111.160600,3.380952,4.666667,2.571429,4.857143,NaN,1.000000,1.809524,NaN,2.047619,2.714286,2.888889,5.972222,1.166667,4.194444,NaN,1.277778,3.805556,NaN,2.583333,5.000000,2.000000,6.000000,1.000000,4.000000,NaN,1.190476,4.952381,NaN,3.000000,5.000000
660076.000000,0.689981,1.909711,1.552925,1.552925,0.693147,0.693147,2.014912,-2.197225,-1.249516,0.215050,11.422466,6.910000,-52.491028,-46.920821,118.982057,127.643134,3.428571,6.000000,1.142857,5.428571,NaN,5.095238,5.571429,NaN,5.666667,6.000000,2.694444,6.000000,1.083333,4.305556,NaN,2.027778,4.916667,NaN,3.777778,6.000000,2.523810,6.000000,1.000000,3.952381,NaN,2.000000,5.000000,NaN,3.666667,6.000000
660077.000000,1.133311,0.015012,2.895154,2.895154,0.693147,0.693147,1.939384,-2.197225,-0.395090,1.387515,2.808115,6.910000,-40.404895,-34.938643,94.809790,103.470867,5.142857,6.000000,4.285714,5.904762,NaN,4.142857,4.904762,NaN,5.095238,5.333333,3.444444,6.000000,2.083333,4.777778,NaN,2.000000,4.777778,NaN,3.388889,5.777778,3.000000,6.000000,1.904762,4.000000,NaN,2.000000,5.000000,NaN,3.285714,5.047619
660078.000000,0.293526,0.170061,2.324720,2.324720,0.693147,0.693147,2.177598,-2.197225,-1.189206,-0.687707,6.773814,6.910000,-64.818173,-59.215812,143.636345,152.297422,3.380952,5.666667,1.285714,3.952381,NaN,3.523810,3.809524,NaN,2.904762,4.095238,2.972222,5.583333,1.194444,4.305556,NaN,1.833333,3.944444,NaN,2.722222,4.972222,2.190476,6.000000,1.000000,3.952381,NaN,1.857143,4.857143,NaN,3.000000,5.000000
660079.000000,0.938067,-0.061951,1.737756,1.737756,0.693147,0.693147,1.740108,-2.197225,-0.818199,1.109463,3.988332,6.910000,-46.831942,-41.081299,107.663884,116.324961,4.952381,6.000000,4.428571,5.952381,NaN,3.476190,4.619048,NaN,4.904762,3.952381,3.166667,6.000000,1.916667,4.750000,NaN,2.000000,4.638889,NaN,3.111111,5.305556,3.000000,6.000000,1.571429,4.000000,NaN,2.000000,5.000000,NaN,3.047619,5.000000
660080.000000,0.422149,0.194487,1.232595,1.232595,0.693147,0.693147,1.961027,-2.197225,-1.715945,-0.055616,6.698178,6.910000,-71.644394,-65.901337,157.288788,165.949865,4.285714,6.000000,2.619048,5.714286,NaN,2.809524,3.428571,NaN,4.571429,3.714286,2.833333,6.000000,1.055556,4.333333,NaN,1.750000,4.277778,NaN,3.083333,5.222222,2.190476,6.000000,1.000000,4.000000,NaN,1.428571,5.000000,NaN,3.238095,5.000000
660081.000000,0.715531,1.669039,2.222177,2.222177,0.693147,0.693147,2.121525,-2.197225,-1.306873,-0.381807,6.615037,6.910000,-61.431917,-55.807910,136.863833,145.524910,3.428571,5.333333,1.333333,3.809524,NaN,4.047619,4.523810,NaN,5.380952,5.952381,2.888889,5.666667,1.083333,4.138889,NaN,2.027778,4.888889,NaN,3.250000,5.944444,2.428571,6.000000,1.142857,3.952381,NaN,2.000000,5.000000,NaN,3.000000,5.571429
660082.000000,0.164996,-0.064865,2.143863,2.143863,0.693147,0.693147,2.200929,-2.197225,-1.129495,0.321389,7.943354,6.910000,-66.812481,-61.205110,147.624962,156.286039,3.714286,6.000000,3.142857,5.571429,NaN,1.047619,5.000000,NaN,2.428571,2.571429,3.083333,5.916667,1.583333,4.333333,NaN,1.972222,4.333333,NaN,2.277778,4.916667,2.285714,6.000000,1.000000,3.952381,NaN,1.904762,4.952381,NaN,3.000000,5.000000
660083.000000,1.670902,0.962979,0.692086,0.692086,0.693147,0.693147,1.705111,-2.197225,-1.114446,0.744527,4.950311,6.910000,-53.217830,-47.419647,120.435659,129.096736,5.285714,6.000000,3.571429,5.904762,NaN,3.809524,4.714286,NaN,4.904762,5.142857,3.083333,6.000000,1.416667,4.638889,NaN,1.916667,4.666667,NaN,3.166667,5.777778,2.619048,6.000000,1.142857,4.000000,NaN,1.761905,5.000000,NaN,3.000000,5.047619
660084.000000,1.571769,-0.298565,1.462810,1.462810,0.693147,0.693147,2.211827,-2.197225,-1.261721,-0.982832,6.595124,6.910000,-32.636686,-26.931391,79.273372,87.934450,4.714286,6.000000,3.809524,5.761905,NaN,1.000000,1.714286,NaN,1.714286,2.095238,3.166667,6.000000,1.277778,4.638889,NaN,1.138889,3.944444,NaN,2.416667,4.916667,2.333333,6.000000,1.000000,4.000000,NaN,1.000000,4.714286,NaN,3.000000,5.000000
660085.000000,0.435564,-0.142499,2.344045,2.344045,0.693147,0.693147,2.196395,-2.197225,-0.986025,0.552764,5.686610,6.910000,-56.787975,-51.169179,127.575951,136.237028,5.238095,6.000000,3.666667,5.714286,NaN,3.714286,3.857143,NaN,2.904762,2.761905,3.166667,6.000000,1.722222,4.527778,NaN,1.916667,4.055556,NaN,3.000000,5.000000,2.714286,6.000000,1.142857,4.000000,NaN,1.857143,4.952381,NaN,3.000000,5.000000
660086.000000,1.359756,-0.078764,2.594565,2.594565,0.693147,0.693147,1.941530,-2.197225,-1.805480,0.143882,5.130444,6.910000,-57.050260,-51.474239,128.100519,136.761597,4.952381,6.000000,4.571429,5.857143,NaN,1.428571,2.142857,NaN,2.619048,3.571429,3.250000,6.000000,1.750000,4.583333,NaN,1.861111,4.055556,NaN,2.861111,4.972222,3.000000,6.000000,1.000000,4.000000,NaN,1.428571,4.952381,NaN,3.000000,5.000000
660087.000000,1.500647,0.169155,2.927604,2.927604,0.693147,0.693147,2.121402,-2.197225,-1.319740,-0.561018,10.008038,6.910000,-59.918055,-54.593269,133.836109,142.497187,5.619048,6.000000,4.952381,6.000000,NaN,1.476190,2.761905,NaN,3.761905,5.142857,3.611111,6.000000,1.916667,5.055556,NaN,2.000000,3.861111,NaN,2.777778,4.694444,3.000000,6.000000,1.571429,4.000000,NaN,2.000000,4.809524,NaN,3.000000,5.000000
660088.000000,0.640325,-0.408669,2.653092,2.653092,0.693147,0.693147,2.083469,-2.197225,-1.837281,-0.619837,1.717617,6.910000,-35.849900,-30.349594,85.699801,94.360878,2.904762,4.142857,2.238095,3.714286,NaN,1.380952,2.095238,NaN,2.619048,2.523810,2.722222,5.277778,1.027778,3.861111,NaN,1.305556,3.722222,NaN,2.416667,4.833333,2.000000,6.000000,1.000000,4.000000,NaN,1.000000,4.857143,NaN,3.000000,5.000000
660089.000000,0.641904,-0.059300,2.189621,2.189621,0.693147,0.693147,2.226917,-2.197225,-1.171649,-0.302444,8.249203,6.910000,-54.035253,-48.447609,122.070505,130.731582,5.380952,6.000000,4.619048,5.809524,NaN,1.190476,3.428571,NaN,2.619048,2.047619,3.166667,6.000000,1.444444,4.500000,NaN,1.805556,4.083333,NaN,2.805556,4.916667,2.476190,6.000000,1.190476,4.000000,NaN,1.857143,4.952381,NaN,3.000000,5.000000
660090.000000,-0.184522,1.087439,1.308874,1.308874,0.693147,0.693147,2.309507,-2.197225,-1.113674,0.356814,3.994044,6.910000,-40.946679,-35.202180,95.893358,104.554435,2.333333,4.476190,1.523810,3.380952,NaN,3.809524,4.666667,NaN,5.095238,5.285714,2.750000,5.888889,1.027778,4.111111,NaN,2.000000,4.472222,NaN,3.000000,5.750000,2.000000,6.000000,1.000000,3.857143,NaN,1.904762,5.000000,NaN,3.000000,5.047619
660091.000000,0.850689,0.085001,2.991452,2.991452,0.693147,0.693147,1.956550,-2.197225,-1.414735,-0.559300,7.191932,6.910000,-67.220308,-61.827955,148.440616,157.101693,5.523810,5.857143,4.190476,5.857143,NaN,1.238095,2.952381,NaN,3.142857,2.761905,3.194444,5.722222,1.416667,4.500000,NaN,1.833333,3.833333,NaN,2.805556,4.750000,3.000000,6.000000,1.142857,4.000000,NaN,1.761905,4.523810,NaN,3.000000,5.000000
660092.000000,0.831601,-0.954421,2.097864,2.097864,0.693147,0.693147,1.722541,-2.197225,-1.064936,0.508355,6.524203,6.910000,-62.348520,-56.671488,138.697040,147.358118,5.428571,6.000000,4.523810,6.000000,NaN,1.000000,1.714286,NaN,1.761905,1.952381,3.527778,6.000000,1.722222,4.916667,NaN,1.305556,4.166667,NaN,2.527778,4.833333,2.571429,6.000000,1.571429,4.000000,NaN,1.476190,4.857143,NaN,2.857143,5.000000
660093.000000,1.388536,1.200413,2.904213,2.904213,0.693147,0.693147,2.150225,-2.197225,-1.102290,2.483007,10.440781,6.910000,-38.688868,-33.397390,91.377736,100.038813,5.952381,6.000000,5.333333,5.857143,NaN,5.523810,5.619048,NaN,5.952381,6.000000,4.055556,6.000000,2.333333,4.722222,NaN,2.555556,4.777778,NaN,4.194444,6.000000,3.000000,6.000000,1.904762,4.238095,NaN,2.000000,5.000000,NaN,4.000000,5.761905
660094.000000,0.277762,0.245271,0.699730,0.699730,0.693147,0.693147,1.865768,-2.197225,-2.040342,-0.217152,4.558128,6.910000,-76.684103,-70.887102,167.368205,176.029282,2.000000,5.714286,2.714286,3.952381,NaN,3.142857,2.428571,NaN,4.619048,3.952381,2.888889,5.888889,1.083333,3.972222,NaN,1.638889,4.055556,NaN,2.638889,5.250000,2.000000,6.000000,1.000000,3.952381,NaN,1.476190,4.952381,NaN,3.000000,5.047619
660095.000000,0.886123,-0.912462,3.125561,3.125561,0.693147,0.693147,2.050425,-2.197225,-0.496576,1.339254,8.771979,6.910000,-58.012056,-52.743403,130.024112,138.685189,5.714286,6.000000,5.523810,6.000000,NaN,1.047619,1.714286,NaN,1.666667,1.904762,3.916667,5.916667,2.083333,5.194444,NaN,1.611111,4.277778,NaN,2.416667,4.722222,3.000000,6.000000,1.571429,4.952381,NaN,1.761905,4.952381,NaN,2.904762,5.000000
660096.000000,0.261383,1.318850,2.360274,2.360274,0.693147,0.693147,1.656939,-2.197225,-1.690983,0.955785,7.839049,6.910000,-85.630642,-80.037364,185.261284,193.922361,3.523810,5.333333,1.000000,4.857143,NaN,4.809524,5.666667,NaN,5.666667,6.000000,2.861111,5.583333,1.361111,3.944444,NaN,2.361111,4.722222,NaN,3.694444,5.916667,2.571429,6.000000,1.333333,3.857143,NaN,2.000000,5.000000,NaN,3.761905,5.714286
660097.000000,0.619879,0.092302,3.088505,3.088505,0.693147,0.693147,1.776107,-2.197225,-1.410599,0.579040,8.726186,6.910000,-90.649475,-85.336437,195.298950,203.960028,5.619048,5.619048,4.523810,5.476190,NaN,2.809524,4.095238,NaN,5.000000,2.857143,3.500000,5.500000,1.833333,4.527778,NaN,2.111111,4.222222,NaN,2.833333,4.972222,3.000000,6.000000,1.619048,4.000000,NaN,2.000000,4.904762,NaN,3.000000,5.000000
660098.000000,0.010365,0.174028,1.889189,1.889189,0.693147,0.693147,1.754658,-2.197225,-0.742860,1.315660,2.974059,6.910000,-49.713473,-43.988387,113.426946,122.088023,4.476190,6.000000,3.904762,5.476190,NaN,4.238095,4.952381,NaN,4.952381,4.857143,3.277778,6.000000,2.055556,4.583333,NaN,2.027778,4.916667,NaN,3.055556,5.777778,2.714286,6.000000,1.857143,4.000000,NaN,2.000000,5.000000,NaN,3.238095,5.047619
660099.000000,1.299989,-0.070949,2.850779,2.850779,0.693147,0.693147,2.009310,-2.197225,-1.088639,-0.175206,1.559502,6.910000,-36.522520,-31.094460,87.045039,95.706116,3.476190,4.190476,2.714286,4.428571,NaN,2.285714,2.523810,NaN,3.428571,3.047619,3.000000,5.722222,1.277778,4.250000,NaN,1.722222,4.083333,NaN,2.944444,4.972222,2.238095,6.000000,1.000000,4.000000,NaN,1.428571,4.857143,NaN,3.000000,5.000000
660100.000000,0.959975,0.308549,2.392305,2.392305,0.693147,0.693147,1.797207,-2.197225,-0.136710,-0.000659,5.187931,6.910000,-72.307029,-66.662183,158.614058,167.275135,4.952381,4.761905,3.666667,5.714286,NaN,3.285714,4.190476,NaN,4.666667,4.095238,3.194444,5.805556,1.611111,4.527778,NaN,1.972222,4.416667,NaN,2.944444,4.972222,2.619048,6.000000,1.142857,4.000000,NaN,1.857143,5.000000,NaN,3.000000,5.000000
